,City ,Cloudiness,Country,Date,Humidity,Lat,Lng,Max_Temp,Wind_Speed
0,Samfya,44,ZM,1513966105,72,-11.37,29.56,73.92,6.85
1,Abu Dhabi,90,AE,1513963080,93,24.47,54.37,68.99,7.78
2,Itarema,64,BR,1513965904,72,-2.92,-39.92,84.76,16.69
3,Makokou,24,GA,1513966106,92,0.56,12.85,74.28,1.81
4,Kieta,92,PG,1513966107,100,-6.22,155.63,75.9,3.49
5,Tiarei,75,PF,1513963800,74,-17.53,-149.33,84.2,6.93
6,Bisira,8,PA,1513966108,65,8.52,-81.71,80.4,3.53
7,Leningradskiy,88,RU,1513966108,100,69.38,178.42,3.58,19.86
8,San Francisco,1,US,1513964100,84,37.78,-122.42,39.49,4.54
9,Muros,0,ES,1513965600,81,42.77,-9.06,48.2,12.75
10,Rawson,92,AR,1513966109,28,-43.3,-65.11,66.81,21.54
11,Hidalgo,1,US,1513965300,58,26.1,-98.26,82.71,21.92
12,Vao,80,EE,1513966110,93,59.1,26.19,32.07,9.42
13,Klaksvik,88,FO,1513965000,100,62.23,-6.59,48.2,18.34
14,Bara,8,NG,1513966111,22,10.41,10.6,85.21,7.63
15,Poum,20,MK,1513963800,78,41.28,20.71,32.0,10.29
16,Puqi,56,CN,1513966113,100,29.72,113.88,45.84,2.08
17,Tuatapere,32,NZ,1513965937,100,-46.13,167.69,53.8,3.38
18,Kabompo,8,ZM,1513966114,93,-13.6,24.21,68.07,1.86
19,Viedma,0,AR,1513966114,24,-40.81,-62.99,80.8,7.0
20,Zhigansk,36,RU,1513966115,8,66.77,123.37,-38.99,3.04
21,Nueva Loja,75,EC,1513962000,70,0.08,-76.88,84.2,2.24
22,Geraldton,90,CA,1513962000,71,49.72,-86.95,6.8,3.36
23,Kamenka,68,RU,1513966116,94,53.19,44.05,20.95,6.85
24,Barranco,80,BR,1513966117,69,-20.59,-41.2,76.93,8.12
25,Aleppo,92,SY,1513965956,74,36.2,37.17,49.21,4.05
26,Victoria Falls,20,ZW,1513966117,82,-17.93,25.84,75.54,2.19
27,Fortuna,0,ES,1513963800,71,38.18,-1.13,59.7,4.7
28,East London,75,ZA,1513962000,88,-33.02,27.91,69.8,5.82
29,Ugoofaaru,92,MV,1513966118,100,5.67,73.0,81.66,16.35
30,Santa Lucia,0,IT,1513961700,30,39.93,9.66,55.4,18.34
31,Umm Lajj,0,SA,1513965876,100,25.02,37.27,66.4,3.27
32,Castro,68,CL,1513965939,76,-42.48,-73.76,51.69,10.42
33,Edson,90,CA,1513962000,78,53.59,-116.44,15.8,8.05
34,Harboore,92,DK,1513965000,87,56.62,8.18,42.8,8.05
35,Pervomayskoye,88,RU,1513966122,79,57.07,86.23,7.0,7.0
36,Armidale,68,AU,1513966123,99,-30.51,151.67,58.8,2.48
37,Lebanon,90,US,1513965840,78,43.64,-72.25,16.54,3.36
38,Ribeira Brava,40,PT,1513963800,72,32.65,-17.07,64.4,11.41
39,Airai,92,TL,1513966124,95,-8.93,125.41,69.15,0.81
40,Mtimbira,0,TZ,1513966125,59,-8.78,36.35,78.33,6.33
41,Bethel,40,US,1513961580,64,60.79,-161.76,39.2,35.57
42,Canmore,75,CA,1513965600,77,51.09,-115.35,6.8,6.93
43,Laguna,75,MX,1513961160,33,27.52,-110.01,57.2,6.93
44,Neepawa,90,CA,1513962000,72,50.23,-99.46,12.2,23.04
45,Qaqortoq,40,GL,1513965000,58,60.72,-46.03,26.6,2.24
46,Hongjiang,0,CN,1513966128,75,27.21,109.83,36.57,2.04
47,Vila,0,IT,1513965000,88,45.18,8.4,36.03,5.82
48,Melnikovo,88,RU,1513966129,84,56.55,84.09,10.74,7.23
49,Shaunavon,56,CA,1513966129,86,49.65,-108.41,10.06,12.37
50,Aswan,0,EG,1513966130,70,24.09,32.9,74.19,10.02
51,Ko Samui,44,TH,1513966130,99,9.54,99.94,81.12,14.79
52,Senneterre,20,CA,1513962000,77,48.39,-77.24,-0.41,8.05
53,Saurimo,20,AO,1513966131,93,-9.66,20.4,69.87,3.38
54,Bereda,0,ES,1513963800,87,43.27,-7.54,50.0,2.24
55,Santa Pola,0,ES,1513963800,71,38.19,-0.56,59.85,4.7
56,Punta Arenas,75,CL,1513962000,90,-53.16,-70.91,50.0,28.86
57,Mananjary,88,MG,1513966133,100,-19.16,46.8,60.51,2.37
58,Redwater,75,CA,1513965600,72,53.95,-113.11,17.6,12.75
59,Aguascalientes,90,MX,1513961220,55,21.88,-102.3,60.8,3.36
60,Huilong,76,CN,1513966134,87,28.89,110.18,35.31,3.27
61,Vanimo,32,PG,1513966135,100,-2.67,141.3,82.83,6.11
62,Pevek,68,RU,1513965899,92,69.7,170.27,-10.69,11.14
63,Saint-Georges,76,CA,1513965889,60,46.12,-70.67,9.57,3.38
64,Kahului,40,US,1513961760,78,20.89,-156.47,66.58,18.34
65,Goldap,0,PL,1513966136,88,54.31,22.3,34.32,12.26
66,Kinsale,75,IE,1513963800,100,51.71,-8.52,50.0,6.93
67,Pyapon,0,MM,1513966137,94,16.29,95.68,64.6,2.82
68,Chumikan,0,RU,1513965981,57,54.72,135.31,-6.77,7.9
69,Chiang Mai,20,TH,1513962000,82,18.79,98.99,59.0,2.71
70,Muncar,80,ID,1513966138,100,-8.43,114.34,77.2,2.98
71,Santa Marta,20,CO,1513962000,66,11.24,-74.21,86.0,4.7
72,Moindou,0,NC,1513963800,82,-21.69,165.68,66.2,3.04
73,Aden,0,YE,1513966140,93,12.79,45.03,79.18,14.56
74,Kalabo,68,ZM,1513966140,80,-15.0,22.67,76.08,4.76
75,San Andres,88,PH,1513966141,100,13.32,122.68,80.85,28.88
76,Russkiy,0,RU,1513966142,94,44.21,40.02,20.1,2.37
77,Oktyabrskiy,75,RU,1513963800,92,55.61,37.97,20.34,4.47
78,Ternate,90,PH,1513965600,94,14.29,120.72,77.0,8.05
79,Ode,88,NG,1513966143,43,7.79,5.71,87.6,3.31
80,Port Macquarie,75,AU,1513963800,100,-31.43,152.91,62.6,4.72
81,Lagoa,0,PT,1513963800,82,37.14,-8.45,60.8,9.17
82,Ambanja,92,MG,1513966144,100,-13.68,48.45,68.61,2.37
83,Flin Flon,20,CA,1513962000,65,54.77,-101.88,3.2,12.75
84,Thompson,75,CA,1513962000,70,55.74,-97.86,-0.41,13.87
85,Anito,56,PH,1513966146,100,12.45,125.29,80.76,24.45
86,Pangnirtung,90,CA,1513963860,77,66.15,-65.72,-0.41,12.75
87,Longyearbyen,40,NO,1513965000,73,78.22,15.63,26.6,8.05
88,Xichang,0,CN,1513966147,77,27.88,102.25,23.07,1.52
89,Eureka,1,US,1513964100,86,40.8,-124.16,41.31,3.04
90,Cananeia,36,BR,1513966148,100,-25.01,-47.93,78.51,5.88
91,Santiago Nonualco,75,SV,1513961400,43,13.51,-88.94,85.73,6.93
92,Ilebo,48,CD,1513966149,96,-4.33,20.59,74.55,3.27
93,La Ronge,75,CA,1513962000,77,55.1,-105.3,3.2,9.17
94,Samana,75,EC,1513962000,70,0.12,-76.97,84.2,2.24
95,Cape Town,20,ZA,1513962000,60,-33.93,18.42,71.6,10.29
96,Mossendjo,36,CG,1513966151,82,-2.95,12.72,77.52,3.53
97,Coos Bay,1,US,1513965360,93,43.37,-124.22,38.17,8.05
98,Mapiripan,88,CO,1513965904,38,2.89,-72.13,92.28,11.54
99,Salinas,1,US,1513964100,64,36.67,-121.66,38.01,5.77
100,Nenjiang,0,CN,1513966152,29,49.17,125.23,-14.69,5.28
101,Coihaique,75,CL,1513962000,66,-45.58,-72.07,50.0,9.17
102,Boundiali,0,CI,1513966153,36,9.53,-6.48,74.28,8.34
103,Rincon,20,US,1513965360,59,32.3,-81.24,62.37,3.36
104,Ulagan,64,RU,1513966155,66,50.63,87.96,-4.03,2.59
105,Monclova,40,MX,1513960800,27,26.9,-101.42,86.0,4.99
106,Saskylakh,64,RU,1513965895,56,71.97,114.09,-14.02,5.88
107,Lima,64,PE,1513965936,72,-12.06,-77.04,70.14,2.86
108,Mount Gambier,36,AU,1513966157,91,-37.83,140.78,52.14,2.53
109,Daru,36,SL,1513966157,48,7.99,-10.85,84.27,2.37
110,Chuy,8,UY,1513966157,74,-33.69,-53.46,85.35,11.36
111,Kviteseid,40,NO,1513965000,85,59.4,8.49,14.0,1.12
112,Uyemskiy,90,RU,1513963800,100,64.47,40.85,26.6,4.47
113,Mongoumba,8,CD,1513966159,66,3.64,18.59,81.03,2.48
114,Amapa,40,HN,1513962000,74,15.09,-87.97,84.2,4.7
115,Maracacume,48,BR,1513966160,97,-2.04,-45.96,80.85,7.23
116,Esmeraldas,40,BR,1513962000,39,-19.76,-44.31,82.4,8.05
117,Sinegorye,36,RU,1513966161,68,62.09,150.53,-32.69,2.19
118,Caravelas,0,BR,1513966161,99,-17.73,-39.27,79.63,16.46
119,Port Hardy,75,CA,1513962000,100,50.7,-127.42,32.0,2.24
120,Batagay-Alyta,44,RU,1513965895,7,67.8,130.41,-37.6,2.75
121,Cabo San Lucas,75,MX,1513961100,72,22.89,-109.91,68.0,4.7
122,Adaufe,0,PT,1513963800,87,40.89,-8.24,52.97,2.24
123,Los Zacatones,75,MX,1513961520,55,22.95,-102.05,60.8,23.04
124,Saint Anthony,90,US,1513961760,79,43.97,-111.68,20.01,9.53
125,Chokurdakh,56,RU,1513965911,72,70.62,147.9,-1.19,11.14
126,Esperance,40,TT,1513962000,62,10.24,-61.45,87.8,23.04
127,Darhan,8,MN,1513966165,43,49.49,105.92,-10.96,2.86
128,Mikhaylovka,68,RU,1513966166,77,52.96,103.29,3.54,2.59
129,Shelburne,90,CA,1513964520,85,44.08,-80.2,21.42,6.93
130,Ginda,0,IN,1513966167,51,30.69,78.49,33.78,2.53
131,Biak,68,ID,1513966168,100,-0.91,122.88,78.87,2.37
132,Skjervoy,75,NO,1513965000,80,70.03,20.97,33.75,26.4
133,Verdun,90,FR,1513965600,93,49.16,5.39,46.4,3.36
134,San Patricio,36,PY,1513966169,71,-26.98,-56.83,87.33,4.5
135,Abalak,0,NE,1513966169,22,15.46,6.28,74.82,9.42
136,Rome,0,IT,1513963200,56,41.89,12.48,48.85,5.82
137,Robertsport,20,LR,1513966170,99,6.75,-11.37,83.82,3.53
138,Svetlaya,0,RU,1513966171,100,46.54,138.33,20.19,5.39
139,Salinopolis,8,BR,1513966171,86,-0.61,-47.36,84.81,15.12
140,Hun,75,BE,1513965000,100,50.34,4.87,47.14,3.36
141,Sitka,76,US,1513966172,48,37.17,-99.65,30.0,9.53
142,Hobart,40,AU,1513963800,58,-42.88,147.33,59.0,8.05
143,Rawdon,90,CA,1513964040,65,46.05,-73.71,6.21,14.99
144,Ancud,76,CL,1513965952,66,-41.87,-73.83,53.94,10.42
145,Guerrero Negro,0,MX,1513966174,58,27.97,-114.04,59.83,4.99
146,Quatre Cocos,75,MU,1513962000,69,-20.21,57.76,78.8,1.12
147,Harper,90,US,1513965480,93,30.3,-99.24,49.33,10.29
148,Broome,75,GB,1513965480,100,52.47,1.45,48.2,8.05
149,San Lorenzo,75,PY,1513962000,83,-25.34,-57.51,82.4,4.7
150,Nanortalik,56,GL,1513966177,95,60.14,-45.24,29.28,26.24
151,Yellowknife,75,CA,1513962000,70,62.45,-114.38,-4.01,10.29
152,Barrow,0,AR,1513966177,54,-38.31,-60.23,80.8,13.04
153,Port Blair,0,IN,1513965894,100,11.67,92.75,81.3,13.44
154,Amahai,76,ID,1513966178,100,-3.31,129.0,81.61,6.73
155,Labuhan,88,ID,1513966178,98,-2.54,115.51,73.51,2.19
156,Caribou,1,US,1513961760,55,46.86,-68.01,8.56,5.82
157,Puerto Ayora,20,EC,1513962000,61,-0.74,-90.35,80.6,10.29
158,Monrovia,75,LR,1513963800,61,6.33,-10.8,82.4,3.36
159,Anamur,92,TR,1513966180,78,36.08,32.84,64.15,11.1
160,Boende,48,CD,1513966181,95,-0.28,20.88,73.74,2.26
161,Naze,44,NG,1513966181,81,5.43,7.07,79.77,5.21
162,Lavrentiya,92,RU,1513965971,90,65.58,-170.99,31.93,31.72
163,Forbes,0,AU,1513966182,91,-33.38,148.01,64.38,6.06
164,Acapulco,40,MX,1513960980,66,16.86,-99.88,86.0,3.87
165,Sabha,80,LY,1513966184,53,27.03,14.43,53.58,10.76
166,Saldanha,0,PT,1513966184,91,41.42,-6.55,38.41,2.86
167,Knittelfeld,48,AT,1513965000,90,47.21,14.83,31.82,2.24
168,Srednekolymsk,64,RU,1513966185,73,67.46,153.71,-19.42,5.77
169,Elk City,20,US,1513966500,63,35.41,-99.4,32.02,18.34
170,Muli,92,IN,1513966186,60,22.62,71.45,66.45,4.5
171,Taltal,0,CL,1513966186,55,-25.41,-70.49,71.4,5.55
172,Egvekinot,80,RU,1513966187,81,66.32,-179.17,24.6,6.29
173,Nelson Bay,90,AU,1513964340,100,-32.72,152.14,66.2,4.21
174,Turzovka,90,SK,1513965600,98,49.41,18.63,35.71,2.24
175,Del Rio,90,US,1513965600,100,29.36,-100.9,58.26,14.99
176,Kawalu,92,ID,1513966189,99,-7.38,108.21,64.65,2.19
177,Gambela,0,ET,1513966189,69,8.25,34.59,65.37,2.37
178,Atherton,40,GB,1513965000,93,53.52,-2.49,46.4,5.82
179,Thunder Bay,90,CA,1513963560,85,48.41,-89.26,19.4,6.93
180,Grindavik,75,IS,1513964520,80,63.84,-22.43,38.28,29.97
181,Fallon,90,US,1513961760,78,46.84,-105.12,12.2,14.99
182,Necochea,36,AR,1513966191,87,-38.55,-58.74,77.52,4.61
183,Aksu,90,KZ,1513963800,78,52.04,76.93,17.6,8.95
184,Bodden Town,40,KY,1513961580,78,19.28,-81.25,82.4,20.8
185,Machinga,36,MW,1513966193,83,-15.18,35.3,76.62,2.37
186,Kenai,1,US,1513961760,85,60.55,-151.26,21.2,13.87
187,Comodoro Rivadavia,75,AR,1513962000,23,-45.87,-67.48,64.4,21.92
188,Isabela,88,PH,1513966195,99,10.2,122.99,75.58,7.0
189,Dubai,0,AE,1513962000,64,25.27,55.3,70.48,2.24
190,Fuxin,0,CN,1513966196,54,42.02,121.65,5.11,2.82
191,Chadan,56,RU,1513966196,45,51.29,91.58,-5.47,1.86
192,Sisimiut,12,GL,1513965908,100,66.94,-53.67,-12.17,4.83
193,Kawhia,76,NZ,1513966197,96,-38.07,174.82,65.5,18.19
194,Nanakuli,40,US,1513964460,93,21.39,-158.15,67.24,10.29
195,Emerald,48,AU,1513966197,63,-23.53,148.16,76.48,9.75
196,Georgetown,75,GY,1513962000,83,6.8,-58.16,82.4,11.41
197,Araouane,12,ML,1513966198,23,18.9,-3.53,62.4,15.61
198,Chiplun,88,IN,1513966199,63,17.53,73.52,62.04,3.76
199,San Quintin,20,PH,1513965600,78,17.54,120.52,75.2,2.24
200,Mangai,32,CD,1513965969,84,-4.07,19.59,79.86,2.3
201,Hamilton,0,BM,1513965937,100,32.3,-64.78,69.42,20.54
202,Puerto Suarez,75,BO,1513962000,79,-18.96,-57.8,86.0,6.93
203,Seminole,90,US,1513965300,45,32.72,-102.64,32.0,5.82
204,Nome,90,US,1513965300,74,30.04,-94.42,78.8,13.87
205,Nenagh,75,IE,1513963800,100,52.86,-8.2,48.2,9.17
206,Atambua,92,ID,1513966203,100,-9.11,124.89,74.82,2.53
207,Tual,64,ID,1513966206,100,-5.67,132.75,83.28,11.14
208,Alamogordo,90,US,1513965300,47,32.9,-105.96,41.09,12.75
209,Puerto Madryn,68,AR,1513966207,59,-42.77,-65.04,65.64,10.76
210,Bajil,24,ES,1513966207,62,38.23,-2.07,49.08,10.13
211,Marfino,0,RU,1513963800,85,56.07,37.56,21.13,6.71
212,Albany,90,US,1513965180,85,42.65,-73.75,22.44,5.82
213,Beloha,0,MG,1513966208,74,-25.17,45.06,74.19,16.58
214,Dicabisagan,92,PH,1513966209,100,17.08,122.42,74.86,14.79
215,Dengzhou,12,CN,1513966209,69,32.69,112.08,32.52,3.2
216,Tuktoyaktuk,90,CA,1513962000,92,69.44,-133.03,22.59,6.93
217,Birjand,0,IR,1513962000,45,32.86,59.22,46.4,4.7
218,Kapaa,40,US,1513961760,72,22.08,-159.32,64.6,11.41
219,Pavullo nel Frignano,68,IT,1513965000,74,44.33,10.84,36.79,8.05
220,Ballina,90,IE,1513963800,100,54.11,-9.15,48.2,6.93
221,Pisco,0,PE,1513962000,69,-13.71,-76.2,75.2,8.05
222,Kysyl-Syr,68,RU,1513966212,6,63.9,122.77,-34.4,3.38
223,Houma,36,CN,1513966213,81,35.63,111.36,20.1,0.29
224,Ostrovnoy,0,RU,1513965968,90,68.05,39.51,17.22,15.12
225,Lac du Bonnet,64,CA,1513966213,81,50.25,-96.06,8.58,14.9
226,Sebastian,1,US,1513961760,69,27.82,-80.47,78.31,8.05
227,Wajid,0,SO,1513966214,39,3.81,43.25,75.0,8.12
228,Turukhansk,80,RU,1513966215,77,65.8,87.96,-2.54,6.06
229,Bambous Virieux,75,MU,1513962000,69,-20.34,57.76,78.8,1.12
230,Tocopilla,0,CL,1513966216,75,-22.09,-70.2,68.34,5.73
231,Port Elizabeth,90,US,1513965300,76,39.31,-74.98,48.36,6.93
232,Coromandel,56,NZ,1513963800,77,-36.76,175.5,64.4,12.75
233,Tucupita,64,VE,1513966217,70,9.06,-62.05,83.82,9.31
234,Aurillac,90,FR,1513965600,93,44.93,2.44,42.8,6.93
235,Kloulklubed,20,PW,1513961400,94,7.04,134.26,75.15,11.77
236,Hermanus,12,ZA,1513966219,60,-34.42,19.24,66.72,5.21
237,Healdsburg,1,US,1513964100,100,38.61,-122.87,37.4,4.09
238,Kavaratti,0,IN,1513965786,100,10.57,72.64,82.74,3.04
239,Lleida,0,ES,1513965600,66,41.61,0.63,50.0,1.12
240,Saint-Philippe,90,CA,1513964040,65,45.36,-73.48,8.29,14.99
241,Nouakchott,56,MR,1513966220,86,18.08,-15.98,70.14,18.19
242,Gobabis,36,NA,1513962000,27,-22.45,18.97,87.8,4.7
243,Saint-Pierre,90,FR,1513965600,100,48.95,4.24,47.39,3.36
244,Rhyl,90,GB,1513965000,93,53.32,-3.49,46.6,4.7
245,Khatanga,36,RU,1513965990,59,71.98,102.47,-27.47,3.04
246,Ortona,0,IT,1513965000,70,42.35,14.4,46.4,3.36
247,Colonial Heights,1,US,1513965600,47,37.26,-77.41,57.45,8.05
248,Tura,0,IN,1513966223,92,25.52,90.21,57.27,2.08
249,Masvingo,68,ZW,1513966224,97,-20.08,30.83,66.9,2.71
250,Pacific Grove,1,US,1513964100,64,36.62,-121.92,38.03,5.77
251,Busselton,0,AU,1513966224,100,-33.64,115.35,63.39,23.44
252,Sorochinsk,80,RU,1513966225,89,52.43,53.15,16.59,7.85
253,Cidreira,12,BR,1513965956,76,-30.17,-50.22,81.57,13.38
254,Tasiilaq,75,GL,1513965000,63,65.61,-37.64,26.6,11.41
255,Sagae,36,JP,1513966226,83,38.43,140.23,29.19,3.2
256,Nur,88,PL,1513966227,93,52.67,22.32,35.31,14.05
257,Piranhas,36,BR,1513966227,41,-9.61,-37.76,91.6,10.58
258,Temyasovo,80,RU,1513963800,71,52.99,58.1,3.2,4.47
259,Hami,56,CN,1513965927,69,42.84,93.51,11.41,2.98
260,Nyurba,48,RU,1513966228,60,63.29,118.35,-28.19,3.53
261,Bathsheba,40,BB,1513963500,70,13.22,-59.52,84.2,18.34
262,Seoul,90,KR,1513965480,363,37.57,126.98,40.06,3.38
263,Hornepayne,24,CA,1513966229,68,49.22,-84.78,12.18,4.32
264,Kadoma,32,ZW,1513966230,83,-18.34,29.91,72.66,4.88
265,Siwan,0,IN,1513966231,89,26.22,84.36,58.66,4.21
266,Rizhao,64,CN,1513966231,67,35.43,119.46,32.2,7.29
267,Camabatela,48,AO,1513966232,82,-8.19,15.37,71.04,5.77
268,Grootfontein,36,NA,1513966232,80,-19.56,18.1,73.92,3.38
269,Marzuq,0,YE,1513966232,66,14.4,46.47,38.46,2.86
270,Bokovskaya,80,RU,1513966233,87,49.23,41.83,26.76,8.01
271,Vallenar,64,CL,1513966233,85,-28.58,-70.76,68.88,3.04
272,Mackay,75,CA,1513965600,78,53.65,-115.58,16.7,13.87
273,Manakara,76,MG,1513966234,100,-22.14,48.01,76.3,11.81
274,Zilupe,88,RU,1513966234,92,56.39,28.12,29.46,7.85
275,The Valley,40,AI,1513962000,61,18.22,-63.06,83.34,13.87
276,Adrar,0,DZ,1513962000,26,27.87,-0.29,55.4,16.11
277,Sunrise Manor,1,US,1513965360,22,36.21,-115.07,38.93,3.27
278,Lukulu,44,ZM,1513966236,85,-14.38,23.24,73.06,6.73
279,Peterhead,0,AU,1513963800,58,-34.83,138.5,59.0,5.82
280,Plouzane,90,FR,1513965600,100,48.38,-4.62,50.72,5.82
281,Palmer,0,AU,1513963800,58,-34.85,139.16,59.0,5.82
282,Grand Gaube,75,MU,1513962000,69,-20.01,57.66,78.8,1.12
283,Newton,90,US,1513964100,86,41.7,-93.05,26.82,8.05
284,Saint George,90,GR,1513965000,84,39.45,22.34,35.6,16.11
285,Husavik,24,CA,1513966240,73,50.56,-96.99,8.4,14.34
286,Witu,20,KE,1513966240,60,-2.39,40.44,83.68,8.79
287,Kruisfontein,24,ZA,1513966241,86,-34.0,24.73,67.93,9.86
288,Veraval,90,FR,1513965600,100,49.65,0.71,48.81,4.7
289,Fairbanks,1,US,1513961880,83,64.84,-147.72,-5.79,4.27
290,Voh,20,NC,1513966242,100,-20.95,164.69,74.41,9.24
291,Tahe,36,CN,1513966242,58,52.34,124.71,-2.54,5.06
292,San Joaquin,88,PH,1513965947,96,10.59,122.14,75.85,18.3
293,Bosaso,0,SO,1513966243,98,11.28,49.18,76.17,16.84
294,Port Lincoln,0,AU,1513966243,96,-34.72,135.86,64.65,14.38
295,Casablanca,0,MA,1513963800,67,33.6,-7.62,59.97,9.17
296,Gorele,75,TR,1513963200,87,41.03,39.0,48.2,6.93
297,Tateyama,100,JP,1513965973,92,36.66,137.31,22.08,1.97
298,San Buenaventura,40,MX,1513960800,27,27.06,-101.55,86.0,4.99
299,Omboue,80,GA,1513966246,100,-1.57,9.26,80.4,11.81
300,Big Rapids,90,US,1513964160,86,43.7,-85.48,32.0,6.93
301,Mahebourg,75,MU,1513962000,69,-20.41,57.7,78.8,1.12
302,Lovozero,0,RU,1513966247,50,68.01,35.02,0.88,3.49
303,Carutapera,48,BR,1513966247,66,-1.2,-46.02,86.52,12.59
304,Mount Isa,0,AU,1513965600,64,-20.73,139.49,73.4,4.7
305,Porumbacu de Jos,75,RO,1513965600,86,45.76,24.46,26.6,5.82
306,Vostok,68,RU,1513966249,89,46.45,135.83,15.46,2.19
307,Emborion,0,GR,1513966250,100,40.48,21.55,18.57,2.75
308,Cayenne,75,GF,1513963800,66,4.94,-52.33,86.0,13.87
309,Ust-Kishert,68,RU,1513966250,89,57.36,57.24,17.98,10.54
310,Santa Helena de Goias,68,BR,1513966251,97,-17.81,-50.6,75.45,4.61
311,Atuona,76,PF,1513965913,100,-9.8,-139.03,78.73,11.14
312,Rocha,56,UY,1513966252,87,-34.48,-54.34,78.28,2.86
313,Somerset,90,US,1513964100,87,37.09,-84.6,54.61,8.05
314,Pemba,0,MZ,1513966253,98,-12.97,40.52,84.72,16.69
315,Makakilo City,40,US,1513964460,93,21.35,-158.09,67.24,10.29
316,Chara,90,GR,1513965000,84,39.42,22.43,35.6,16.11
317,Hasaki,20,JP,1513963800,100,35.73,140.83,31.59,3.36
318,Ushuaia,75,AR,1513962000,61,-54.81,-68.31,46.4,27.51
319,Lamar,1,US,1513961580,58,38.09,-102.62,26.6,10.29
320,Mitsamiouli,20,KM,1513962000,78,-11.38,43.28,82.4,2.24
321,Yinchuan,48,CN,1513966257,68,38.48,106.21,4.62,2.71
322,Hilo,1,US,1513961760,78,19.71,-155.08,52.99,16.11
323,Tawau,75,MY,1513965600,88,4.26,117.89,78.8,3.36
324,Ngunguru,92,NZ,1513966258,100,-35.62,174.5,67.93,17.58
325,Padang,92,ID,1513966258,100,-0.92,100.36,76.17,10.13
326,Bar Harbor,90,US,1513961760,56,44.39,-68.2,12.9,8.05
327,Boguchany,68,RU,1513966259,68,58.38,97.46,6.96,5.99
328,Salmas,20,IR,1513962000,80,38.2,44.77,41.0,6.93
329,Sao Filipe,92,CV,1513966261,89,14.9,-24.5,75.76,17.63
330,Bogotol,88,RU,1513966261,81,56.21,89.53,8.71,10.8
331,Ramgarh,0,IN,1513966262,79,28.17,74.98,46.2,2.86
332,Invermere,64,CA,1513966262,76,50.51,-116.03,10.56,1.7
333,Washington DC.,75,US,1513965360,53,38.9,-77.04,48.96,11.41
334,Arki,0,IN,1513966264,81,31.15,76.97,38.19,1.81
335,Komsomolskiy,88,RU,1513966264,93,67.55,63.78,24.69,14.38
336,Altamira,0,BR,1513966265,65,-3.2,-52.21,89.49,3.71
337,Waqqas,0,JO,1513961400,23,32.54,35.61,73.4,11.41
338,Provideniya,92,RU,1513965975,96,64.42,-173.23,32.65,30.15
339,Basoko,36,CD,1513966266,96,1.23,23.61,73.15,5.06
340,Ampanihy,8,MG,1513966266,58,-24.69,44.75,77.34,15.84
341,Bluff,56,AU,1513966267,70,-23.58,149.07,73.92,6.51
342,Deer Lake,90,CA,1513962000,73,49.18,-57.43,24.8,13.87
343,Quebrada Larga,92,CO,1513966267,93,4.95,-76.52,76.08,3.2
344,Margate,75,AU,1513965600,58,-43.03,147.26,59.0,4.7
345,Merauke,48,ID,1513966269,100,-8.49,140.4,74.5,5.77
346,Alihe,0,CN,1513966269,71,50.57,123.73,-6.64,5.06
347,Bulri,0,PK,1513966270,80,24.87,68.33,53.71,3.53
348,Vryburg,8,ZA,1513966270,69,-26.96,24.73,71.76,9.75
349,Imbituba,20,BR,1513962000,70,-28.24,-48.67,84.2,8.05
350,Paamiut,0,GL,1513966271,89,61.99,-49.67,31.17,7.23
351,Ribeira Grande,75,PT,1513965600,72,38.52,-28.7,64.4,6.93
352,Vila Velha,75,BR,1513962000,74,-3.71,-38.6,82.4,16.11
353,Idrinskoye,88,RU,1513966273,74,54.37,92.14,7.32,4.21
354,Vieques,40,PR,1513961760,70,18.43,-65.83,84.2,14.99
355,Chesterfield,1,US,1513965360,51,34.74,-80.09,60.78,5.82
356,Niquelandia,88,BR,1513966275,62,-14.47,-48.46,84.27,8.63
357,Kodiak,90,US,1513961580,79,39.95,-94.76,28.4,11.41
358,Samarai,64,PG,1513966275,100,-10.62,150.67,81.48,7.52
359,Punta de Piedra,24,VE,1513966276,66,7.62,-71.49,80.71,2.86
360,Pleszew,92,PL,1513966277,95,51.9,17.79,35.98,13.82
361,Sibolga,48,ID,1513966277,100,1.74,98.78,68.16,1.25
362,Redditch,75,GB,1513965000,100,52.31,-1.94,49.44,5.82
363,San Juan,40,PR,1513961760,70,18.47,-66.12,84.2,14.99
364,Dumas,68,IN,1513966280,92,21.09,72.71,74.37,13.38
365,Matamoros,40,US,1513965300,69,25.87,-97.51,81.93,27.51
366,Ekhabi,0,RU,1513966280,79,53.51,142.97,-7.63,11.03
367,Cherskiy,36,RU,1513966281,51,68.75,161.3,-25.22,4.88
368,Yarmouth,75,GB,1513965000,100,50.71,-1.5,50.0,1.12
369,Lompoc,1,US,1513964100,52,34.64,-120.46,43.47,4.5
370,Chicama,40,PE,1513962000,73,-7.84,-79.15,73.4,8.05
371,Lincoln,40,GB,1513965000,93,53.23,-0.54,46.85,5.82
372,Kalanguy,64,RU,1513966283,68,51.01,116.52,1.96,5.55
373,Anadyr,90,RU,1513962000,76,64.73,177.51,-7.61,17.9
374,Qasigiannguit,20,GL,1513965000,39,68.82,-51.19,8.6,13.87
375,Kupang,92,ID,1513966285,100,-10.16,123.6,76.44,3.6
376,Bilma,8,NE,1513965926,36,18.69,12.92,68.61,10.09
377,Wajima,20,JP,1513966285,93,37.4,136.9,49.03,12.93
378,Norman Wells,75,CA,1513962000,63,65.28,-126.83,28.4,19.46
379,Bredasdorp,88,ZA,1513962000,60,-34.53,20.04,71.6,16.11
380,Japura,76,ID,1513965876,78,-0.42,102.29,78.73,3.87
381,Mehamn,75,NO,1513965000,86,71.03,27.85,33.8,24.16
382,Faro,0,PT,1513965600,87,37.02,-7.94,59.0,9.17
383,Portland,90,US,1513965360,86,45.52,-122.67,35.6,4.7
384,Port Alfred,8,ZA,1513966288,100,-33.59,26.89,68.52,8.79
385,Nikolskoye,90,RU,1513963800,91,59.7,30.79,32.0,4.47
386,Bolgatanga,0,GH,1513966288,23,10.79,-0.85,82.15,9.24
387,Constantine,75,DZ,1513963800,100,36.36,6.61,44.6,9.17
388,Kalmunai,92,LK,1513966289,89,7.42,81.82,76.26,4.54
389,Vanavara,36,RU,1513966290,80,60.35,102.28,-0.02,3.83
390,Tarakan,48,ID,1513966290,100,3.3,117.63,77.11,6.06
391,Lorengau,48,PG,1513966291,100,-2.02,147.27,82.6,4.5
392,Niamey,44,NE,1513962000,9,13.52,2.11,84.2,13.87
393,Yangambi,12,CD,1513966292,95,0.77,24.47,76.44,1.81
394,Buin,0,CL,1513962000,21,-33.73,-70.74,82.4,13.87
395,Salalah,0,OM,1513961400,24,17.01,54.1,78.8,12.75
396,Toma,68,JP,1513966293,75,43.82,142.6,21.85,3.76
397,Gushikawa,1,JP,1513965600,71,26.35,127.87,58.01,4.7
398,Isangel,44,VU,1513965892,100,-19.55,169.27,76.35,16.8
399,Gat,0,SN,1513962000,39,14.69,-16.54,78.8,9.17
400,Meulaboh,76,ID,1513966295,100,4.14,96.13,79.9,2.19
401,Preobrazheniye,44,RU,1513965917,79,42.9,133.91,14.79,3.6
402,Ponta do Sol,100,BR,1513966296,93,-20.63,-46.0,70.9,4.27
403,Tuensang,32,IN,1513966296,90,26.24,94.81,50.2,1.52
404,Joyabaj,40,GT,1513962000,53,14.99,-90.8,73.4,13.87
405,Sibenik,24,HR,1513966297,83,45.81,17.18,29.86,2.86
406,Hofn,40,IS,1513965600,80,64.25,-15.21,39.2,19.46
407,Dunedin,48,NZ,1513966298,91,-45.87,170.5,51.46,3.2
408,Epernay,90,FR,1513965600,75,45.45,5.88,43.27,2.24
409,Rikitea,92,PF,1513965950,100,-23.12,-134.97,75.85,11.03
410,San Ramon,75,NI,1513962000,93,12.92,-85.84,66.2,4.7
411,Kuala Terengganu,75,MY,1513965600,94,5.33,103.14,77.0,11.41
412,Oxapampa,88,PE,1513966300,98,-10.58,-75.4,58.03,2.19
413,Kaitangata,36,NZ,1513966301,88,-46.28,169.85,51.55,3.09
414,General Roca,0,AR,1513962000,54,-39.03,-67.58,78.8,11.41
415,Merrill,75,US,1513965180,85,42.03,-121.6,24.8,4.7
416,Steinbach,90,CA,1513965600,78,49.53,-96.69,12.2,18.34
417,Ovsyanka,68,RU,1513966303,56,53.58,126.91,-14.65,3.09
418,Batemans Bay,0,AU,1513966304,100,-35.71,150.18,63.25,4.61
419,Beirut,75,LB,1513962000,43,33.9,35.48,69.8,3.36
420,Half Moon Bay,75,US,1513961760,65,37.46,-122.43,40.37,4.7
421,Pelym,56,RU,1513966305,93,61.01,62.0,18.61,4.32
422,Kainantu,92,PG,1513966305,99,-6.29,145.87,65.05,0.58
423,Waipawa,64,NZ,1513965940,90,-39.94,176.59,54.12,3.6
424,Tiznit,0,MA,1513966306,79,29.7,-9.73,57.4,4.5
425,Magadan,48,RU,1513962000,65,59.56,150.8,-38.21,13.89
426,Severo-Kurilsk,56,RU,1513966307,100,50.68,156.12,25.45,12.37
427,Okha,0,RU,1513966307,79,53.59,142.95,-7.63,11.03
428,Pontianak,80,ID,1513965948,99,-0.02,109.34,77.83,4.88
429,Erzin,0,TR,1513963200,59,36.95,36.2,56.57,2.24
430,Boa Vista,75,BR,1513962000,49,2.82,-60.67,91.4,13.87
431,Gladstone,56,AU,1513966309,95,-23.84,151.26,72.39,3.53
432,San Jose de Rio Tinto,75,HN,1513962000,94,14.93,-85.7,75.2,2.24
433,Jamalpur,0,BD,1513966310,89,24.93,89.95,56.86,2.53
434,Lloydminster,90,CA,1513965600,85,53.28,-110.01,17.6,13.87
435,Nemuro,0,JP,1513966311,100,43.32,145.57,36.43,13.67
436,Nalut,36,LY,1513966311,95,31.86,10.98,41.43,9.64
437,Noumea,0,NC,1513963800,82,-22.28,166.46,66.2,6.62
438,Mar del Plata,76,AR,1513965917,53,-46.43,-67.52,55.51,12.15
439,Langsa,76,ID,1513966312,98,4.47,97.97,69.96,2.3
440,Alekseyevka,90,RU,1513963800,92,53.25,50.49,19.4,4.47
441,Inirida,8,CO,1513966313,62,3.87,-67.92,89.04,2.86
442,Ust-Uda,68,RU,1513966314,80,54.17,103.03,8.22,3.6
443,Pangody,88,RU,1513966315,87,65.85,74.49,15.55,11.36
444,Nanae,92,JP,1513966315,100,41.94,140.7,35.26,1.7
445,Beringovskiy,88,RU,1513965914,97,63.05,179.32,2.05,29.48
446,Bougouni,0,ML,1513966316,30,11.42,-7.49,74.82,9.53
447,Newport,90,GB,1513965000,100,51.59,-3.0,49.15,3.36
448,Sao Felix do Xingu,36,BR,1513966317,86,-6.64,-51.99,80.53,3.04
449,Coquimbo,75,CL,1513962000,68,-29.95,-71.34,66.2,11.41
450,Kasongo-Lunda,20,CD,1513966318,88,-6.48,16.82,74.73,1.81
451,Vardo,90,US,1513965300,52,39.62,-77.74,45.79,6.93
452,Mataura,68,NZ,1513966319,88,-46.19,168.86,49.08,2.75
453,Santa Vitoria,92,BR,1513966319,81,-7.82,-67.03,81.61,5.73
454,Shimoda,0,JP,1513966320,100,34.7,138.93,52.81,21.61
455,Khilok,56,RU,1513966320,74,51.36,110.46,8.76,6.22
456,Olbernhau,75,CZ,1513965600,93,50.66,13.35,39.42,10.29
457,Soledad,1,US,1513964100,64,36.43,-121.33,38.01,3.87
458,Soc Trang,92,VN,1513966322,92,9.6,105.98,77.61,12.15
459,Cockburn Town,92,TC,1513966323,100,21.46,-71.14,77.11,14.61
460,Ambunti,92,PG,1513966323,100,-4.22,142.82,74.5,2.37
461,Msanga,68,TZ,1513966323,44,-6.04,36.03,79.68,11.32
462,Puerto del Rosario,0,ES,1513965600,48,28.5,-13.86,66.2,3.36
463,Lancaster,90,US,1513965360,61,40.04,-76.31,44.58,10.29
464,Ileza,76,RU,1513966325,92,61.05,43.9,21.4,10.54
465,Cartagena,0,ES,1513962000,67,37.63,-1.0,60.8,9.17
466,Upernavik,8,GL,1513966326,100,72.79,-56.15,10.6,9.24
467,Opaka,56,BG,1513965600,100,43.45,26.17,24.8,7.23
468,Lodja,80,CD,1513966326,99,-3.52,23.6,71.22,0.58
469,Teguise,0,ES,1513965600,52,29.06,-13.56,66.2,5.82
470,Ramona,1,US,1513961760,16,33.04,-116.87,53.74,6.93
471,Erdenet,32,MN,1513966328,48,49.03,104.04,-0.25,8.3
472,Smithers,75,CA,1513962000,83,54.78,-127.17,-5.81,2.08
473,Arman,0,RU,1513962000,65,59.7,150.17,-38.21,2.53
474,Belmonte,0,PT,1513966329,73,40.36,-7.35,45.84,6.06
475,Rumphi,8,MW,1513966329,82,-11.02,33.86,64.65,3.38
476,Clarence Town,90,AU,1513964340,100,-32.59,151.78,66.2,1.74
477,Mayo,5,CA,1513962000,67,63.59,-135.9,-23.81,3.83
478,Hithadhoo,0,MV,1513966331,100,-0.6,73.08,82.6,1.74
479,Mezen,80,RU,1513966332,83,65.85,44.24,27.7,5.1
480,Sakaiminato,40,JP,1513962000,60,35.55,133.23,42.8,8.05
481,Huarmey,20,PE,1513966332,47,-10.07,-78.15,78.42,4.09
482,San Carlos de Bariloche,40,AR,1513962000,61,-41.13,-71.31,53.6,31.09
483,Katsuura,32,JP,1513966333,98,33.93,134.5,37.02,7.85
484,Tautira,75,PF,1513963800,74,-17.73,-149.15,84.2,6.93
485,Yulara,0,AU,1513965600,17,-25.24,130.99,77.0,6.93
486,Kongoussi,32,BF,1513966335,20,13.32,-1.53,74.46,10.65
487,Port-Gentil,40,GA,1513962000,83,-0.72,8.78,82.4,6.93
488,Lanxi,32,CN,1513966335,82,29.21,119.46,27.88,1.52
489,Morros,40,BR,1513962000,59,-2.87,-44.04,89.6,16.11
490,Brae,92,GB,1513965000,87,60.4,-1.35,48.99,31.09
491,Pastavy,88,BY,1513966337,92,55.11,26.84,29.41,8.23
492,Te Anau,48,NZ,1513966338,87,-45.41,167.72,42.6,2.3
493,Victoria,75,BN,1513965600,100,5.28,115.24,77.0,2.3
494,Artyom,90,RU,1513963800,92,43.36,132.19,15.8,4.99
495,Makinsk,64,KZ,1513966339,83,52.63,70.42,12.4,9.64
496,Marawi,88,PH,1513966340,100,8.0,124.29,69.1,2.75
497,Jamestown,0,AU,1513966340,55,-33.21,138.6,50.83,2.75
498,High Level,90,CA,1513965960,73,58.52,-117.13,19.4,2.24
499,Saint-Joseph,0,FR,1513965600,93,43.56,6.97,45.16,3.36
500,New Norfolk,40,AU,1513963800,58,-42.78,147.06,59.0,8.05
501,Mana,90,RS,1513965600,93,43.52,20.24,30.13,1.12
502,Kavieng,100,PG,1513966342,100,-2.57,150.8,83.82,7.9
503,Pitimbu,75,BR,1513962000,66,-7.47,-34.81,84.2,11.41
504,Faanui,0,PF,1513965945,100,-16.48,-151.75,81.88,3.98
505,Santa Marta de Tormes,0,ES,1513965600,86,40.95,-5.63,39.2,1.12
506,Placerville,1,US,1513964400,52,38.73,-120.8,40.01,3.36
507,Raton,1,US,1513965180,35,36.9,-104.44,34.43,17.22
508,Cairns,40,AU,1513965600,83,-16.92,145.77,77.0,10.29
509,Ahipara,100,NZ,1513966345,100,-35.17,173.16,64.38,5.88
510,Kenora,90,CA,1513964100,78,49.76,-94.48,9.45,10.29
511,Storforshei,75,NO,1513965000,92,66.4,14.52,30.2,2.24
512,Roald,75,NO,1513965000,93,62.58,6.12,39.65,19.46
513,Neyshabur,0,IR,1513966347,74,36.21,58.79,32.43,1.74
514,Tiksi,68,RU,1513965911,77,71.64,128.87,-20.45,3.31
515,Santa Cruz,1,US,1513964100,64,36.97,-122.03,39.49,3.6
516,Moramanga,92,MG,1513966350,100,-18.95,48.23,63.03,2.19
517,Dovers,8,VC,1513966350,100,12.88,-61.18,79.59,16.62
518,Birnin Kebbi,12,NG,1513966351,23,12.45,4.2,83.73,8.34
519,Simpang,75,MY,1513965600,83,4.82,100.71,79.74,5.82
520,Gawler,0,AU,1513965600,58,-34.6,138.75,59.0,4.7
521,Curup,92,ID,1513966352,98,-3.47,102.53,68.11,1.81
522,Talnakh,0,RU,1513966352,56,69.49,88.39,-26.84,2.82
523,Port-Cartier,20,CA,1513962000,55,50.03,-66.88,8.6,10.29
524,Kerema,68,PG,1513966353,98,-7.96,145.78,73.33,2.26
525,Omsukchan,68,RU,1513966353,56,62.53,155.8,-28.69,2.59
526,Natal,40,BR,1513962000,62,-5.81,-35.21,86.0,19.46
527,Urusha,12,RU,1513966355,68,54.05,122.9,-19.19,2.3
528,Manyana,0,AU,1513962000,100,-35.26,150.51,60.8,11.25
529,Taoudenni,0,ML,1513965893,25,22.68,-3.98,58.75,17.63
530,Ozernovskiy,76,RU,1513966357,90,51.5,156.52,22.98,12.59
531,Tevaitoa,8,PF,1513966358,100,-16.78,-151.5,81.84,3.6
532,Lakhdenpokhya,64,RU,1513966358,87,61.52,30.2,26.67,4.09
533,Esil,64,KZ,1513966358,71,51.96,66.41,2.91,8.01
534,Esna,0,RO,1513966359,94,45.2,27.57,25.18,2.98
535,Finschhafen,88,PG,1513966360,99,-6.6,147.85,70.59,3.2
536,Carnarvon,0,ZA,1513966360,19,-30.97,22.13,68.65,5.55
537,Phalaborwa,0,ZA,1513966360,69,-23.95,31.14,79.5,2.53
538,Asbury Park,90,US,1513965900,100,33.46,-86.74,60.8,4.7
539,Okhotsk,0,RU,1513966361,100,59.36,143.24,-28.06,8.3
540,Hay River,90,CA,1513964340,92,60.82,-115.79,19.4,4.7
541,Nueva Rosita,92,MX,1513966362,78,27.94,-101.22,68.34,2.48
542,Arraial do Cabo,75,BR,1513962000,83,-22.97,-42.02,80.6,11.41
543,Melville,1,CA,1513962000,72,50.93,-102.81,10.4,14.99
544,Buala,36,SB,1513966363,92,-8.15,159.59,80.35,4.54
545,Abrau-Dyurso,75,RU,1513963800,76,44.7,37.6,33.8,8.95
546,Qaanaaq,0,GL,1513966364,96,77.48,-69.36,-7.63,7.9
547,Melbu,75,NO,1513965000,100,68.5,14.83,33.22,12.75
548,Constitucion,90,MX,1513960860,67,23.99,-104.67,57.2,5.82
549,Pachino,0,IT,1513965000,65,36.72,15.09,41.0,5.82
550,Alyangula,12,AU,1513966366,99,-13.85,136.42,85.53,8.63
551,Manaure,20,CO,1513962000,52,11.78,-72.45,89.6,17.22
552,Butaritari,76,KI,1513966367,100,3.07,172.79,81.21,17.13
553,Parrita,20,CR,1513962000,47,9.52,-84.33,79.74,17.22
554,Lebu,0,ET,1513962000,53,8.96,38.73,51.8,13.87
555,Souillac,90,FR,1513965600,87,45.6,-0.6,48.2,3.36
556,Waddan,92,LY,1513966368,89,29.16,16.14,49.71,12.66
557,Lappeenranta,90,FI,1513965000,92,61.06,28.19,30.2,6.93
558,Nioro,8,GM,1513966369,27,13.79,-15.05,80.08,12.66
559,Luderitz,12,NA,1513962000,64,-26.65,15.16,69.8,26.4
560,Dudinka,0,RU,1513966370,5,69.41,86.18,-29.99,3.38
561,Aklavik,20,CA,1513965600,85,68.22,-135.01,16.56,6.93
562,Mahon,75,IE,1513963800,100,51.89,-8.4,50.0,6.93
563,Arlit,8,NE,1513966371,17,18.74,7.39,67.53,10.02
564,Manokwari,36,ID,1513966372,100,-0.87,134.08,81.57,3.87
565,NEDJO,0,ET,1513966372,51,9.5,35.5,61.81,3.27
566,Karasjok,75,NO,1513965000,64,69.47,25.52,33.8,14.99
567,Kampot,44,KH,1513966373,63,10.62,104.18,79.36,11.03
568,Dikson,0,RU,1513966374,94,73.51,80.55,-6.46,21.54
569,Marienburg,75,DE,1513965000,86,52.12,9.98,41.0,5.82
570,Kirkwood,0,ZA,1513962000,83,-33.4,25.44,71.6,12.75
571,Dali,0,CN,1513966376,100,25.6,100.24,37.65,2.26
572,Baswa,0,IN,1513966377,59,27.15,76.58,53.53,3.76
573,Vestmannaeyjar,75,IS,1513962000,86,63.44,-20.27,41.0,26.4
574,Riyadh,0,SA,1513962000,21,24.63,46.72,62.6,3.36
575,Ilulissat,20,GL,1513965000,39,69.22,-51.1,8.6,13.87
576,Hunsur,0,IN,1513966378,88,12.3,76.29,63.88,8.23
577,Flinders,0,AU,1513962000,100,-34.58,150.85,60.8,4.32
578,Port Moresby,75,PG,1513965600,94,-9.47,147.16,77.0,2.24
579,Whitehorse,5,CA,1513962000,75,60.72,-135.06,-14.81,2.24
580,Lieksa,80,FI,1513966380,92,63.32,30.02,25.95,3.76
581,Nova Bystrice,88,CZ,1513966380,94,49.02,15.1,34.32,10.02
582,Atar,0,MR,1513965956,17,20.52,-13.05,67.98,14.05
583,Hualmay,12,PE,1513965977,69,-11.1,-77.61,75.0,5.1
584,Dasoguz,0,TM,1513962000,74,41.84,59.97,31.59,9.17
585,Shar,64,NG,1513966381,54,7.3,8.73,90.25,2.86
586,Naifaru,92,MV,1513966382,100,5.44,73.37,81.66,16.35
587,Tweed,90,CA,1513962000,78,44.48,-77.31,15.64,13.87
588,Hammerfest,90,NO,1513965000,80,70.66,23.68,34.83,19.46
589,Clyde River,90,CA,1513962000,75,70.47,-68.59,-14.81,6.93
590,Bilibino,8,RU,1513966385,8,68.06,166.44,-40.84,2.08
591,Belyy Yar,0,RU,1513963800,67,53.6,91.39,19.4,11.18
592,Katete,0,UG,1513966386,86,-0.78,29.75,64.74,1.7
593,Xining,76,CN,1513966386,91,36.62,101.77,12.31,2.59
594,Morgan City,90,US,1513961760,83,29.7,-91.21,75.25,16.11
595,Ambatondrazaka,100,MG,1513966387,99,-17.82,48.43,65.64,2.3
596,Kitimat,5,CA,1513965600,78,54.02,-128.69,15.8,19.46
597,Kargasok,92,RU,1513966388,88,59.06,80.87,13.75,3.38
598,Ciudad Bolivar,0,VE,1513966389,62,8.12,-63.55,88.5,12.77
599,Osoyoos,75,CA,1513965600,63,49.03,-119.47,27.45,13.87
600,Magistralnyy,56,RU,1513966391,74,56.17,107.45,7.05,2.19
601,Soller,90,DE,1513965300,93,50.73,6.56,47.84,6.93
602,Luau,20,CD,1513966392,84,-10.7,22.23,71.98,3.2
603,Namibe,12,AO,1513965898,100,-15.19,12.15,70.41,12.33
604,Nokaneng,32,BW,1513966392,94,-19.66,22.19,72.66,3.31
605,Torbay,75,CA,1513965600,80,47.66,-52.73,30.2,20.8
606,Honningsvag,75,NO,1513965000,80,70.98,25.97,33.8,21.92
607,Sistranda,75,NO,1513965000,93,63.73,8.83,35.6,9.17
608,Iqaluit,36,CA,1513965890,100,63.75,-68.52,-5.24,10.31
609,Cap-aux-Meules,90,CA,1513962000,67,47.38,-61.86,21.2,17.22
610,Hambantota,36,LK,1513965951,100,6.12,81.12,78.91,14.79
611,Christchurch,44,NZ,1513963800,87,-43.53,172.64,59.0,11.41
612,Kuching,75,MY,1513965600,88,1.56,110.34,78.8,1.12
613,Vaini,12,IN,1513965953,57,15.34,74.49,65.28,5.06
614,Auki,20,NG,1513966396,30,12.18,6.51,80.94,5.55
615,Sibu,75,MY,1513962000,94,2.29,111.83,77.0,2.19
616,Goderich,64,CA,1513966183,88,43.74,-81.71,31.3,12.15
617,Victoria,75,BN,1513963800,100,5.28,115.24,77.0,2.24
618,San Cristobal,75,EC,1513962000,63,-0.39,-78.55,64.4,13.87
619,Bubaque,0,GW,1513965600,34,11.28,-15.83,80.6,9.17
620,Palana,56,RU,1513966400,77,59.08,159.95,6.6,4.32
621,Nalobikha,92,RU,1513966400,86,53.2,84.6,15.78,14.12
622,Lao Cai,0,VN,1513966401,93,22.48,103.95,38.05,1.36
623,Ankazoabo,76,MG,1513966401,52,-22.29,44.51,81.3,4.5
624,Codrington,68,AU,1513966402,98,-28.95,153.24,66.76,2.59
625,Avarua,40,CK,1513962000,83,-21.21,-159.78,77.0,18.34
626,Zabol,0,IR,1513962000,46,31.03,61.49,50.0,4.7
627,Kaa-Khem,76,RU,1513966403,61,51.7,94.56,-9.7,2.75
628,Mangrol,92,IN,1513966403,71,25.33,76.51,58.44,1.86
629,Soe,90,EE,1513965000,95,57.91,26.05,33.8,10.29
630,Lata,0,IN,1513966404,51,30.78,78.62,33.78,2.53
631,Mecca,0,SA,1513962000,57,21.43,39.83,80.6,6.93
632,Mayor Pablo Lagerenza,80,PY,1513966405,100,-19.93,-60.77,76.62,15.57
633,Baft,0,IR,1513966406,70,29.23,56.61,26.4,1.86
